customer_id,subscription_type,start_date,end_date,status,dietary_preference
1,Weekly,2024-10-14,2024-10-21,Churned,Gluten-Free
2,Weekly,2024-01-16,2024-01-23,Churned,None
3,Weekly,2024-07-22,2024-07-29,Renewed,Vegan
4,Weekly,2024-07-23,2024-07-30,Churned,Gluten-Free
5,Monthly,2024-03-21,2024-04-20,Renewed,None
6,Weekly,2024-03-15,2024-03-22,Renewed,Vegan
7,Monthly,2024-01-05,2024-02-04,Churned,None
8,Monthly,2024-04-08,2024-05-08,Churned,None
9,Weekly,2023-12-30,2024-01-06,Churned,Gluten-Free
10,Weekly,2024-10-07,2024-10-14,Renewed,None
11,Weekly,2024-05-10,2024-05-17,Churned,Gluten-Free
12,Monthly,2024-10-11,2024-11-10,Renewed,Keto
13,Monthly,2024-04-03,2024-05-03,Churned,None
14,Monthly,2024-01-17,2024-02-16,Renewed,None
15,Weekly,2024-11-05,2024-11-12,Churned,None
16,Weekly,2024-05-21,2024-05-28,Renewed,Vegan
17,Weekly,2024-01-06,2024-01-13,Churned,Keto
18,Monthly,2024-07-29,2024-08-28,Churned,Gluten-Free
19,Weekly,2024-02-18,2024-02-25,Churned,Vegan
20,Weekly,2024-04-07,2024-04-14,Renewed,Vegan
21,Monthly,2024-06-23,2024-07-23,Churned,Vegetarian
22,Weekly,2024-08-13,2024-08-20,Renewed,Vegetarian
23,Weekly,2024-09-15,2024-09-22,Churned,Gluten-Free
24,Weekly,2024-06-18,2024-06-25,Churned,Vegan
25,Weekly,2024-08-10,2024-08-17,Churned,Keto
26,Weekly,2024-06-30,2024-07-07,Renewed,None
27,Weekly,2023-12-26,2024-01-02,Churned,Gluten-Free
28,Weekly,2024-05-09,2024-05-16,Churned,Keto
29,Monthly,2024-05-18,2024-06-17,Renewed,Vegetarian
30,Weekly,2024-06-04,2024-06-11,Churned,Gluten-Free
31,Monthly,2024-08-08,2024-09-07,Churned,Vegetarian
32,Weekly,2024-06-28,2024-07-05,Churned,Gluten-Free
33,Weekly,2024-02-21,2024-02-28,Churned,Gluten-Free
34,Monthly,2024-05-30,2024-06-29,Renewed,Gluten-Free
35,Monthly,2023-12-12,2024-01-11,Renewed,Vegetarian
36,Monthly,2024-02-18,2024-03-19,Churned,Keto
37,Monthly,2024-07-11,2024-08-10,Renewed,Vegetarian
38,Monthly,2024-03-30,2024-04-29,Renewed,Vegetarian
39,Monthly,2024-04-23,2024-05-23,Renewed,Vegetarian
40,Monthly,2024-08-12,2024-09-11,Renewed,Keto
41,Weekly,2024-04-28,2024-05-05,Churned,Vegetarian
42,Weekly,2024-06-07,2024-06-14,Churned,None
43,Weekly,2024-10-17,2024-10-24,Renewed,Vegan
44,Weekly,2024-02-04,2024-02-11,Renewed,Vegan
45,Monthly,2023-12-27,2024-01-26,Renewed,Gluten-Free
46,Monthly,2024-11-06,2024-12-06,Churned,Keto
47,Weekly,2024-02-05,2024-02-12,Churned,None
48,Weekly,2024-06-04,2024-06-11,Churned,Vegan
49,Weekly,2024-06-02,2024-06-09,Churned,Vegan
50,Monthly,2024-01-18,2024-02-17,Churned,Vegetarian
51,Monthly,2024-03-05,2024-04-04,Renewed,Vegetarian
52,Monthly,2024-07-22,2024-08-21,Renewed,Vegetarian
53,Weekly,2023-11-23,2023-11-30,Churned,Gluten-Free
54,Monthly,2024-05-18,2024-06-17,Renewed,None
55,Monthly,2024-04-22,2024-05-22,Renewed,None
56,Monthly,2024-09-09,2024-10-09,Renewed,Vegetarian
57,Monthly,2024-10-23,2024-11-22,Churned,None
58,Weekly,2024-03-12,2024-03-19,Churned,Vegan
59,Weekly,2024-09-27,2024-10-04,Renewed,Keto
60,Weekly,2023-12-29,2024-01-05,Renewed,Vegan
61,Weekly,2024-10-04,2024-10-11,Renewed,Vegetarian
62,Monthly,2024-02-23,2024-03-24,Churned,Gluten-Free
63,Monthly,2024-06-15,2024-07-15,Renewed,Gluten-Free
64,Weekly,2024-03-27,2024-04-03,Churned,None
65,Monthly,2024-01-16,2024-02-15,Churned,Keto
66,Weekly,2024-04-26,2024-05-03,Churned,Gluten-Free
67,Monthly,2024-11-18,2024-12-18,Churned,Keto
68,Monthly,2024-07-16,2024-08-15,Churned,Vegan
69,Weekly,2024-07-07,2024-07-14,Churned,Keto
70,Weekly,2023-12-24,2023-12-31,Churned,None
71,Monthly,2024-08-13,2024-09-12,Churned,Gluten-Free
72,Monthly,2024-06-14,2024-07-14,Renewed,None
73,Weekly,2024-01-26,2024-02-02,Renewed,Keto
74,Monthly,2023-11-28,2023-12-28,Renewed,Keto
75,Monthly,2023-12-13,2024-01-12,Renewed,None
76,Weekly,2024-05-21,2024-05-28,Churned,Keto
77,Weekly,2024-10-28,2024-11-04,Renewed,None
78,Monthly,2024-09-14,2024-10-14,Churned,Keto
79,Weekly,2024-09-10,2024-09-17,Renewed,Vegan
80,Monthly,2024-01-10,2024-02-09,Renewed,Gluten-Free
81,Monthly,2024-09-26,2024-10-26,Renewed,Gluten-Free
82,Monthly,2024-10-09,2024-11-08,Renewed,Keto
83,Weekly,2024-09-09,2024-09-16,Churned,Vegetarian
84,Monthly,2024-05-16,2024-06-15,Churned,Gluten-Free
85,Weekly,2024-02-29,2024-03-07,Churned,Gluten-Free
86,Monthly,2024-01-22,2024-02-21,Renewed,Vegan
87,Weekly,2024-07-14,2024-07-21,Churned,Keto
88,Weekly,2023-11-24,2023-12-01,Churned,None
89,Weekly,2024-02-17,2024-02-24,Renewed,Vegetarian
90,Weekly,2023-11-29,2023-12-06,Churned,Vegetarian
91,Weekly,2024-07-05,2024-07-12,Renewed,Vegetarian
92,Monthly,2024-07-20,2024-08-19,Churned,Vegan
93,Monthly,2024-10-30,2024-11-29,Renewed,Vegetarian
94,Monthly,2024-02-13,2024-03-14,Churned,Keto
95,Monthly,2024-01-27,2024-02-26,Churned,Keto
96,Weekly,2024-01-27,2024-02-03,Churned,None
97,Weekly,2024-01-26,2024-02-02,Churned,Vegetarian
98,Weekly,2024-07-04,2024-07-11,Churned,Gluten-Free
99,Monthly,2024-10-13,2024-11-12,Renewed,Vegan
100,Monthly,2024-01-10,2024-02-09,Renewed,Vegetarian
101,Monthly,2024-03-30,2024-04-29,Renewed,Vegetarian
102,Monthly,2023-12-06,2024-01-05,Renewed,None
103,Weekly,2023-12-13,2023-12-20,Churned,Vegan
104,Monthly,2024-05-10,2024-06-09,Renewed,Keto
105,Weekly,2024-10-18,2024-10-25,Churned,None
106,Weekly,2024-10-27,2024-11-03,Churned,Keto
107,Monthly,2024-03-21,2024-04-20,Churned,Vegetarian
108,Weekly,2024-09-01,2024-09-08,Renewed,None
109,Monthly,2024-10-03,2024-11-02,Churned,None
110,Weekly,2024-01-11,2024-01-18,Renewed,Keto
111,Weekly,2023-12-04,2023-12-11,Churned,Keto
112,Monthly,2024-01-01,2024-01-31,Renewed,Vegetarian
113,Monthly,2024-02-29,2024-03-30,Churned,Keto
114,Monthly,2023-12-27,2024-01-26,Churned,Vegan
115,Weekly,2024-10-20,2024-10-27,Renewed,Gluten-Free
116,Monthly,2023-11-23,2023-12-23,Renewed,Vegetarian
117,Weekly,2024-10-13,2024-10-20,Renewed,None
118,Weekly,2024-08-23,2024-08-30,Churned,Vegetarian
119,Weekly,2024-08-19,2024-08-26,Renewed,Vegetarian
120,Monthly,2024-04-05,2024-05-05,Churned,Vegetarian
121,Weekly,2024-05-11,2024-05-18,Renewed,Vegetarian
122,Monthly,2024-01-13,2024-02-12,Churned,Vegetarian
123,Weekly,2023-12-29,2024-01-05,Renewed,Gluten-Free
124,Weekly,2024-06-22,2024-06-29,Churned,Vegetarian
125,Monthly,2024-09-11,2024-10-11,Renewed,None
126,Monthly,2024-01-19,2024-02-18,Churned,Keto
127,Weekly,2024-03-15,2024-03-22,Renewed,Vegetarian
128,Weekly,2024-10-11,2024-10-18,Churned,Keto
129,Weekly,2024-10-06,2024-10-13,Renewed,Gluten-Free
130,Monthly,2024-09-03,2024-10-03,Renewed,Vegan
131,Monthly,2024-11-04,2024-12-04,Churned,Vegan
132,Weekly,2024-05-24,2024-05-31,Churned,None
133,Weekly,2024-06-28,2024-07-05,Renewed,Vegetarian
134,Weekly,2024-08-27,2024-09-03,Churned,Vegan
135,Weekly,2024-09-10,2024-09-17,Churned,None
136,Monthly,2024-10-20,2024-11-19,Churned,Gluten-Free
137,Monthly,2024-10-08,2024-11-07,Churned,Gluten-Free
138,Weekly,2024-06-29,2024-07-06,Churned,Vegetarian
139,Monthly,2024-10-12,2024-11-11,Renewed,Gluten-Free
140,Monthly,2024-04-01,2024-05-01,Renewed,Gluten-Free
141,Monthly,2024-06-03,2024-07-03,Renewed,None
142,Weekly,2024-10-20,2024-10-27,Renewed,Vegetarian
143,Monthly,2024-03-23,2024-04-22,Renewed,Keto
144,Monthly,2024-07-07,2024-08-06,Renewed,Vegan
145,Weekly,2023-12-15,2023-12-22,Churned,Vegetarian
146,Monthly,2024-07-11,2024-08-10,Renewed,None
147,Weekly,2023-11-28,2023-12-05,Churned,None
148,Monthly,2024-10-31,2024-11-30,Churned,Gluten-Free
149,Monthly,2024-08-28,2024-09-27,Renewed,None
150,Monthly,2023-11-30,2023-12-30,Renewed,Keto
151,Monthly,2024-09-18,2024-10-18,Renewed,None
152,Monthly,2024-08-14,2024-09-13,Churned,Vegan
153,Weekly,2024-09-24,2024-10-01,Renewed,Keto
154,Weekly,2024-06-01,2024-06-08,Churned,None
155,Monthly,2023-11-23,2023-12-23,Churned,None
156,Weekly,2024-01-18,2024-01-25,Churned,Gluten-Free
157,Monthly,2024-01-11,2024-02-10,Churned,Vegetarian
158,Monthly,2024-03-26,2024-04-25,Renewed,Keto
159,Weekly,2024-09-12,2024-09-19,Churned,Keto
160,Monthly,2024-07-19,2024-08-18,Churned,Keto
161,Monthly,2024-11-12,2024-12-12,Churned,Gluten-Free
162,Monthly,2024-04-07,2024-05-07,Renewed,Vegan
163,Weekly,2024-10-02,2024-10-09,Churned,None
164,Weekly,2024-01-23,2024-01-30,Churned,Keto
165,Weekly,2024-06-14,2024-06-21,Churned,None
166,Weekly,2024-11-07,2024-11-14,Churned,None
167,Monthly,2024-10-15,2024-11-14,Renewed,Gluten-Free
168,Weekly,2024-07-23,2024-07-30,Renewed,Gluten-Free
169,Weekly,2024-08-13,2024-08-20,Churned,None
170,Weekly,2024-11-04,2024-11-11,Churned,Gluten-Free
171,Monthly,2024-02-25,2024-03-26,Renewed,Vegan
172,Weekly,2024-08-11,2024-08-18,Renewed,Keto
173,Weekly,2024-04-09,2024-04-16,Renewed,Vegetarian
174,Weekly,2024-04-21,2024-04-28,Renewed,None
175,Weekly,2024-10-12,2024-10-19,Renewed,Keto
176,Monthly,2024-04-05,2024-05-05,Renewed,Gluten-Free
177,Monthly,2024-04-08,2024-05-08,Churned,None
178,Weekly,2024-08-20,2024-08-27,Churned,None
179,Monthly,2023-11-27,2023-12-27,Churned,Vegan
180,Weekly,2024-03-28,2024-04-04,Churned,Vegan
181,Monthly,2024-03-06,2024-04-05,Churned,Vegan
182,Monthly,2024-01-12,2024-02-11,Churned,Keto
183,Monthly,2024-06-22,2024-07-22,Churned,None
184,Weekly,2024-07-11,2024-07-18,Renewed,Vegetarian
185,Monthly,2024-01-13,2024-02-12,Churned,None
186,Weekly,2024-04-27,2024-05-04,Renewed,Vegetarian
187,Weekly,2024-02-18,2024-02-25,Renewed,Vegetarian
188,Monthly,2023-12-07,2024-01-06,Renewed,Keto
189,Monthly,2023-12-03,2024-01-02,Churned,Vegan
190,Monthly,2024-08-03,2024-09-02,Renewed,Keto
191,Monthly,2024-08-02,2024-09-01,Churned,Keto
192,Monthly,2024-11-02,2024-12-02,Churned,None
193,Weekly,2024-06-10,2024-06-17,Churned,Vegan
194,Monthly,2024-09-27,2024-10-27,Churned,Vegan
195,Monthly,2024-03-16,2024-04-15,Churned,Gluten-Free
196,Weekly,2024-10-29,2024-11-05,Renewed,Gluten-Free
197,Monthly,2024-04-14,2024-05-14,Churned,Vegetarian
198,Monthly,2024-11-09,2024-12-09,Churned,Keto
199,Monthly,2023-12-02,2024-01-01,Churned,Keto
200,Weekly,2024-02-08,2024-02-15,Churned,Gluten-Free
201,Monthly,2024-03-30,2024-04-29,Churned,Vegan
202,Monthly,2024-10-30,2024-11-29,Churned,Vegetarian
203,Weekly,2024-09-15,2024-09-22,Churned,None
204,Monthly,2024-05-20,2024-06-19,Renewed,Keto
205,Weekly,2024-01-18,2024-01-25,Renewed,Vegan
206,Monthly,2024-01-05,2024-02-04,Renewed,None
207,Weekly,2023-12-06,2023-12-13,Churned,Keto
208,Monthly,2023-12-17,2024-01-16,Churned,Keto
209,Weekly,2024-08-11,2024-08-18,Churned,Gluten-Free
210,Weekly,2023-12-15,2023-12-22,Churned,Gluten-Free
211,Monthly,2024-09-21,2024-10-21,Renewed,Vegan
212,Monthly,2023-12-11,2024-01-10,Renewed,Gluten-Free
213,Monthly,2023-12-13,2024-01-12,Churned,None
214,Weekly,2024-07-16,2024-07-23,Churned,Vegan
215,Monthly,2024-02-16,2024-03-17,Churned,Vegetarian
216,Monthly,2024-04-21,2024-05-21,Renewed,Vegan
217,Monthly,2024-03-24,2024-04-23,Renewed,Keto
218,Weekly,2024-05-03,2024-05-10,Renewed,None
219,Monthly,2024-08-30,2024-09-29,Churned,None
220,Weekly,2024-05-13,2024-05-20,Renewed,Gluten-Free
221,Monthly,2024-04-30,2024-05-30,Churned,Vegan
222,Monthly,2024-07-20,2024-08-19,Renewed,Keto
223,Monthly,2024-08-03,2024-09-02,Renewed,Gluten-Free
224,Weekly,2024-05-31,2024-06-07,Renewed,Gluten-Free
225,Monthly,2024-06-20,2024-07-20,Churned,Gluten-Free
226,Weekly,2024-10-03,2024-10-10,Renewed,None
227,Monthly,2024-02-23,2024-03-24,Renewed,None
228,Monthly,2024-11-05,2024-12-05,Renewed,Vegetarian
229,Monthly,2023-12-12,2024-01-11,Renewed,Keto
230,Weekly,2024-07-17,2024-07-24,Renewed,Gluten-Free
231,Monthly,2024-03-10,2024-04-09,Renewed,Vegetarian
232,Weekly,2024-10-20,2024-10-27,Renewed,Keto
233,Monthly,2024-07-18,2024-08-17,Renewed,Vegetarian
234,Monthly,2023-12-15,2024-01-14,Churned,Vegetarian
235,Weekly,2024-04-04,2024-04-11,Renewed,Vegetarian
236,Monthly,2024-11-22,2024-12-22,Churned,Keto
237,Weekly,2024-11-10,2024-11-17,Churned,Keto
238,Monthly,2024-03-17,2024-04-16,Renewed,Vegetarian
239,Monthly,2024-06-12,2024-07-12,Churned,Vegan
240,Weekly,2023-12-07,2023-12-14,Churned,None
241,Monthly,2024-11-04,2024-12-04,Renewed,Gluten-Free
242,Monthly,2024-04-08,2024-05-08,Renewed,Gluten-Free
243,Weekly,2024-04-08,2024-04-15,Renewed,Gluten-Free
244,Weekly,2024-10-28,2024-11-04,Renewed,Vegan
245,Monthly,2024-11-18,2024-12-18,Renewed,Gluten-Free
246,Monthly,2024-04-06,2024-05-06,Churned,Keto
247,Weekly,2024-01-30,2024-02-06,Churned,Gluten-Free
248,Monthly,2024-08-27,2024-09-26,Churned,Vegetarian
249,Monthly,2024-01-14,2024-02-13,Churned,Vegetarian
250,Weekly,2024-02-29,2024-03-07,Churned,None
251,Monthly,2024-08-17,2024-09-16,Churned,Keto
252,Weekly,2023-11-29,2023-12-06,Churned,Vegan
253,Monthly,2024-11-16,2024-12-16,Renewed,Keto
254,Monthly,2024-02-07,2024-03-08,Churned,Vegetarian
255,Monthly,2024-08-16,2024-09-15,Renewed,Vegetarian
256,Weekly,2024-10-25,2024-11-01,Renewed,Keto
257,Monthly,2024-06-05,2024-07-05,Renewed,Gluten-Free
258,Monthly,2024-06-25,2024-07-25,Renewed,Vegan
259,Monthly,2024-03-05,2024-04-04,Renewed,None
260,Weekly,2024-06-19,2024-06-26,Renewed,None
261,Weekly,2024-07-22,2024-07-29,Churned,Keto
262,Monthly,2024-07-07,2024-08-06,Churned,Gluten-Free
263,Monthly,2024-03-02,2024-04-01,Renewed,None
264,Weekly,2024-11-20,2024-11-27,Renewed,Vegetarian
265,Monthly,2024-04-16,2024-05-16,Renewed,Keto
266,Monthly,2024-05-28,2024-06-27,Renewed,Gluten-Free
267,Weekly,2024-02-06,2024-02-13,Renewed,None
268,Monthly,2024-07-20,2024-08-19,Churned,Keto
269,Monthly,2023-11-28,2023-12-28,Churned,Vegetarian
270,Monthly,2024-03-15,2024-04-14,Renewed,Gluten-Free
271,Monthly,2024-07-04,2024-08-03,Renewed,Vegetarian
272,Monthly,2024-03-06,2024-04-05,Renewed,None
273,Weekly,2024-01-14,2024-01-21,Churned,Vegan
274,Monthly,2024-11-05,2024-12-05,Renewed,Vegetarian
275,Monthly,2024-02-02,2024-03-03,Renewed,Vegetarian
276,Weekly,2024-08-28,2024-09-04,Renewed,Vegan
277,Weekly,2024-06-15,2024-06-22,Renewed,Keto
278,Weekly,2024-11-15,2024-11-22,Churned,Vegan
279,Weekly,2024-06-28,2024-07-05,Renewed,None
280,Monthly,2024-05-11,2024-06-10,Churned,Vegetarian
281,Weekly,2024-03-12,2024-03-19,Renewed,Keto
282,Monthly,2024-03-08,2024-04-07,Renewed,None
283,Weekly,2023-12-28,2024-01-04,Renewed,Gluten-Free
284,Weekly,2024-05-25,2024-06-01,Renewed,Vegetarian
285,Weekly,2024-11-06,2024-11-13,Churned,Vegetarian
286,Monthly,2024-06-14,2024-07-14,Renewed,Vegan
287,Weekly,2024-01-09,2024-01-16,Churned,Vegetarian
288,Weekly,2024-07-12,2024-07-19,Churned,Keto
289,Monthly,2024-01-03,2024-02-02,Renewed,Vegetarian
290,Monthly,2024-06-29,2024-07-29,Churned,Keto
291,Monthly,2024-02-16,2024-03-17,Churned,Gluten-Free
292,Weekly,2024-01-25,2024-02-01,Renewed,Keto
293,Monthly,2024-04-14,2024-05-14,Churned,Vegetarian
294,Monthly,2024-05-19,2024-06-18,Renewed,Vegan
295,Monthly,2024-03-11,2024-04-10,Renewed,Gluten-Free
296,Monthly,2024-03-20,2024-04-19,Renewed,Vegetarian
297,Weekly,2024-06-21,2024-06-28,Churned,Vegetarian
298,Monthly,2024-05-12,2024-06-11,Churned,None
299,Weekly,2024-01-01,2024-01-08,Renewed,Keto
300,Monthly,2024-02-17,2024-03-18,Churned,Gluten-Free
301,Monthly,2024-04-20,2024-05-20,Churned,None
302,Weekly,2024-05-21,2024-05-28,Churned,Gluten-Free
303,Monthly,2024-08-30,2024-09-29,Renewed,Vegan
304,Weekly,2024-11-08,2024-11-15,Churned,None
305,Monthly,2024-02-12,2024-03-13,Renewed,Vegetarian
306,Weekly,2024-07-09,2024-07-16,Churned,Keto
307,Weekly,2023-12-09,2023-12-16,Renewed,Vegetarian
308,Weekly,2024-04-25,2024-05-02,Churned,Vegan
309,Monthly,2024-11-06,2024-12-06,Churned,Gluten-Free
310,Weekly,2024-05-27,2024-06-03,Churned,Keto
311,Monthly,2023-12-17,2024-01-16,Renewed,Keto
312,Monthly,2023-12-02,2024-01-01,Renewed,None
313,Weekly,2024-01-25,2024-02-01,Renewed,None
314,Monthly,2023-12-06,2024-01-05,Churned,Gluten-Free
315,Monthly,2024-11-02,2024-12-02,Churned,None
316,Monthly,2024-04-04,2024-05-04,Renewed,None
317,Monthly,2024-06-07,2024-07-07,Churned,Vegetarian
318,Monthly,2024-04-09,2024-05-09,Renewed,Gluten-Free
319,Monthly,2024-08-26,2024-09-25,Renewed,Vegetarian
320,Monthly,2024-03-27,2024-04-26,Renewed,Vegetarian
321,Weekly,2024-02-09,2024-02-16,Renewed,Keto
322,Weekly,2024-06-30,2024-07-07,Renewed,None
323,Monthly,2024-06-03,2024-07-03,Renewed,None
324,Weekly,2023-12-10,2023-12-17,Renewed,None
325,Monthly,2024-04-19,2024-05-19,Renewed,Gluten-Free
326,Monthly,2024-07-11,2024-08-10,Churned,Vegan
327,Weekly,2024-11-11,2024-11-18,Renewed,Vegan
328,Weekly,2024-04-20,2024-04-27,Renewed,Vegetarian
329,Monthly,2024-09-26,2024-10-26,Renewed,Gluten-Free
330,Weekly,2024-03-17,2024-03-24,Churned,None
331,Weekly,2024-01-25,2024-02-01,Renewed,None
332,Monthly,2024-09-02,2024-10-02,Renewed,Gluten-Free
333,Weekly,2024-08-12,2024-08-19,Churned,Gluten-Free
334,Weekly,2024-11-13,2024-11-20,Churned,Keto
335,Monthly,2024-10-09,2024-11-08,Renewed,Gluten-Free
336,Monthly,2024-01-08,2024-02-07,Churned,Vegetarian
337,Weekly,2024-03-07,2024-03-14,Renewed,Vegan
338,Weekly,2024-08-01,2024-08-08,Renewed,Vegetarian
339,Monthly,2024-10-23,2024-11-22,Churned,None
340,Weekly,2024-09-15,2024-09-22,Churned,Gluten-Free
341,Monthly,2024-06-07,2024-07-07,Churned,Keto
342,Monthly,2024-09-06,2024-10-06,Churned,Vegetarian
343,Monthly,2024-09-07,2024-10-07,Churned,Vegan
344,Weekly,2024-07-17,2024-07-24,Renewed,Keto
345,Monthly,2024-03-21,2024-04-20,Churned,Gluten-Free
346,Monthly,2024-01-27,2024-02-26,Renewed,Vegan
347,Monthly,2024-05-29,2024-06-28,Churned,Vegetarian
348,Monthly,2024-09-13,2024-10-13,Churned,Keto
349,Monthly,2024-04-02,2024-05-02,Renewed,Keto
350,Weekly,2023-12-22,2023-12-29,Renewed,Gluten-Free
351,Monthly,2024-09-16,2024-10-16,Renewed,Keto
352,Weekly,2024-06-18,2024-06-25,Renewed,Gluten-Free
353,Monthly,2024-11-17,2024-12-17,Renewed,Vegetarian
354,Weekly,2024-01-26,2024-02-02,Renewed,Vegetarian
355,Monthly,2024-05-27,2024-06-26,Churned,Vegan
356,Weekly,2024-02-21,2024-02-28,Churned,Keto
357,Weekly,2024-06-23,2024-06-30,Renewed,Gluten-Free
358,Monthly,2024-06-02,2024-07-02,Churned,Keto
359,Weekly,2024-10-31,2024-11-07,Churned,Vegetarian
360,Weekly,2023-12-30,2024-01-06,Churned,Keto
361,Weekly,2024-09-12,2024-09-19,Churned,Vegan
362,Monthly,2024-03-06,2024-04-05,Churned,None
363,Weekly,2024-09-16,2024-09-23,Churned,Vegan
364,Weekly,2024-01-04,2024-01-11,Churned,Vegan
365,Weekly,2024-08-20,2024-08-27,Churned,Keto
366,Monthly,2024-02-14,2024-03-15,Churned,Vegan
367,Weekly,2024-05-21,2024-05-28,Renewed,Gluten-Free
368,Monthly,2024-09-15,2024-10-15,Churned,Keto
369,Weekly,2024-01-05,2024-01-12,Renewed,Gluten-Free
370,Monthly,2023-12-04,2024-01-03,Renewed,None
371,Monthly,2024-06-19,2024-07-19,Renewed,None
372,Weekly,2024-06-01,2024-06-08,Churned,Gluten-Free
373,Weekly,2024-01-04,2024-01-11,Renewed,None
374,Weekly,2024-11-08,2024-11-15,Renewed,None
375,Weekly,2024-08-18,2024-08-25,Renewed,Keto
376,Weekly,2024-04-13,2024-04-20,Renewed,Gluten-Free
377,Weekly,2024-05-10,2024-05-17,Churned,None
378,Weekly,2024-09-03,2024-09-10,Renewed,Vegetarian
379,Monthly,2024-04-02,2024-05-02,Renewed,Vegan
380,Monthly,2024-04-25,2024-05-25,Churned,Gluten-Free
381,Weekly,2024-01-26,2024-02-02,Churned,None
382,Monthly,2024-01-28,2024-02-27,Renewed,Gluten-Free
383,Monthly,2024-11-18,2024-12-18,Churned,Vegan
384,Weekly,2024-05-31,2024-06-07,Churned,Gluten-Free
385,Weekly,2024-01-14,2024-01-21,Renewed,Vegan
386,Weekly,2024-09-09,2024-09-16,Churned,Vegetarian
387,Weekly,2024-09-11,2024-09-18,Renewed,Vegetarian
388,Monthly,2024-03-19,2024-04-18,Renewed,Vegetarian
389,Weekly,2023-11-28,2023-12-05,Churned,Gluten-Free
390,Weekly,2024-08-16,2024-08-23,Churned,Gluten-Free
391,Weekly,2024-09-12,2024-09-19,Churned,None
392,Weekly,2024-04-14,2024-04-21,Churned,Vegan
393,Weekly,2024-09-12,2024-09-19,Churned,None
394,Weekly,2024-03-07,2024-03-14,Churned,Keto
395,Monthly,2024-05-17,2024-06-16,Renewed,None
396,Weekly,2023-12-14,2023-12-21,Renewed,None
397,Weekly,2024-02-06,2024-02-13,Churned,Vegan
398,Weekly,2023-12-16,2023-12-23,Renewed,Keto
399,Weekly,2024-04-08,2024-04-15,Renewed,Vegetarian
400,Monthly,2024-02-13,2024-03-14,Churned,Gluten-Free
401,Weekly,2024-01-22,2024-01-29,Churned,Keto
402,Monthly,2024-08-29,2024-09-28,Churned,Vegan
403,Monthly,2024-01-05,2024-02-04,Renewed,Vegetarian
404,Monthly,2023-12-27,2024-01-26,Renewed,Vegetarian
405,Monthly,2024-03-16,2024-04-15,Renewed,Keto
406,Monthly,2024-01-09,2024-02-08,Renewed,Vegetarian
407,Weekly,2024-02-25,2024-03-03,Renewed,Keto
408,Weekly,2024-01-16,2024-01-23,Churned,Vegetarian
409,Weekly,2024-02-27,2024-03-05,Churned,Vegan
410,Weekly,2024-10-30,2024-11-06,Churned,Gluten-Free
411,Weekly,2024-02-29,2024-03-07,Churned,Keto
412,Monthly,2024-05-09,2024-06-08,Churned,Vegetarian
413,Monthly,2024-05-22,2024-06-21,Renewed,Gluten-Free
414,Weekly,2024-10-10,2024-10-17,Renewed,Vegetarian
415,Monthly,2024-06-27,2024-07-27,Renewed,None
416,Monthly,2024-08-11,2024-09-10,Renewed,None
417,Weekly,2024-02-14,2024-02-21,Renewed,Vegan
418,Weekly,2024-06-12,2024-06-19,Renewed,Gluten-Free
419,Weekly,2024-04-05,2024-04-12,Renewed,Vegan
420,Monthly,2024-10-27,2024-11-26,Churned,Vegan
421,Monthly,2024-11-03,2024-12-03,Renewed,Gluten-Free
422,Weekly,2024-06-28,2024-07-05,Renewed,Keto
423,Weekly,2024-05-31,2024-06-07,Churned,Vegan
424,Monthly,2024-03-09,2024-04-08,Churned,Keto
425,Weekly,2024-07-10,2024-07-17,Churned,Vegetarian
426,Monthly,2023-11-28,2023-12-28,Renewed,Vegetarian
427,Monthly,2024-04-09,2024-05-09,Renewed,Keto
428,Monthly,2024-08-03,2024-09-02,Churned,Vegan
429,Weekly,2024-01-08,2024-01-15,Churned,Gluten-Free
430,Weekly,2024-09-17,2024-09-24,Churned,Gluten-Free
431,Weekly,2024-08-16,2024-08-23,Churned,Gluten-Free
432,Monthly,2024-11-20,2024-12-20,Renewed,Vegetarian
433,Monthly,2024-02-16,2024-03-17,Churned,Vegetarian
434,Monthly,2024-03-13,2024-04-12,Churned,Gluten-Free
435,Monthly,2024-08-09,2024-09-08,Renewed,Gluten-Free
436,Monthly,2024-04-17,2024-05-17,Renewed,Gluten-Free
437,Monthly,2024-10-01,2024-10-31,Renewed,Gluten-Free
438,Weekly,2024-02-19,2024-02-26,Churned,None
439,Weekly,2024-10-22,2024-10-29,Renewed,None
440,Monthly,2024-03-24,2024-04-23,Renewed,Vegan
441,Monthly,2024-10-26,2024-11-25,Renewed,Vegetarian
442,Monthly,2024-07-10,2024-08-09,Renewed,None
443,Weekly,2024-10-06,2024-10-13,Renewed,Vegan
444,Monthly,2023-12-07,2024-01-06,Renewed,Vegan
445,Weekly,2024-02-19,2024-02-26,Churned,Vegan
446,Monthly,2024-01-06,2024-02-05,Churned,Vegetarian
447,Monthly,2023-12-08,2024-01-07,Renewed,Vegan
448,Weekly,2024-04-22,2024-04-29,Renewed,None
449,Monthly,2024-11-01,2024-12-01,Renewed,Vegan
450,Weekly,2024-10-13,2024-10-20,Renewed,Gluten-Free
451,Weekly,2024-05-09,2024-05-16,Renewed,Vegetarian
452,Monthly,2024-03-09,2024-04-08,Churned,Keto
453,Monthly,2024-04-29,2024-05-29,Renewed,Vegan
454,Weekly,2024-08-31,2024-09-07,Renewed,Gluten-Free
455,Monthly,2024-09-18,2024-10-18,Renewed,None
456,Monthly,2024-05-18,2024-06-17,Churned,Vegan
457,Weekly,2024-10-29,2024-11-05,Churned,Vegan
458,Monthly,2024-06-06,2024-07-06,Renewed,Keto
459,Monthly,2024-09-07,2024-10-07,Renewed,None
460,Monthly,2024-05-07,2024-06-06,Churned,None
461,Weekly,2024-01-22,2024-01-29,Renewed,Keto
462,Weekly,2024-10-12,2024-10-19,Renewed,Vegetarian
463,Weekly,2024-06-04,2024-06-11,Renewed,None
464,Monthly,2024-08-18,2024-09-17,Renewed,Gluten-Free
465,Monthly,2024-02-03,2024-03-04,Renewed,Vegetarian
466,Weekly,2024-07-04,2024-07-11,Churned,Keto
467,Weekly,2024-07-08,2024-07-15,Churned,Keto
468,Weekly,2024-10-04,2024-10-11,Churned,None
469,Monthly,2024-07-15,2024-08-14,Renewed,Vegetarian
470,Weekly,2024-01-08,2024-01-15,Churned,Vegan
471,Monthly,2024-07-14,2024-08-13,Churned,Vegan
472,Monthly,2024-06-03,2024-07-03,Churned,Gluten-Free
473,Monthly,2024-10-07,2024-11-06,Renewed,Vegan
474,Weekly,2024-05-12,2024-05-19,Renewed,None
475,Weekly,2024-08-11,2024-08-18,Churned,Keto
476,Monthly,2024-07-22,2024-08-21,Renewed,Vegetarian
477,Weekly,2023-12-23,2023-12-30,Renewed,None
478,Weekly,2024-10-17,2024-10-24,Renewed,Vegetarian
479,Monthly,2024-02-29,2024-03-30,Churned,None
480,Monthly,2024-09-26,2024-10-26,Churned,Gluten-Free
481,Weekly,2024-06-13,2024-06-20,Churned,Vegetarian
482,Weekly,2024-08-28,2024-09-04,Churned,Vegetarian
483,Monthly,2024-01-02,2024-02-01,Renewed,None
484,Monthly,2024-07-15,2024-08-14,Churned,Vegetarian
485,Monthly,2023-11-28,2023-12-28,Churned,None
486,Monthly,2024-07-16,2024-08-15,Renewed,Vegan
487,Monthly,2024-09-29,2024-10-29,Renewed,Keto
488,Weekly,2023-12-13,2023-12-20,Churned,Vegetarian
489,Weekly,2024-04-24,2024-05-01,Renewed,Keto
490,Monthly,2024-10-31,2024-11-30,Churned,Gluten-Free
491,Monthly,2024-10-11,2024-11-10,Churned,Gluten-Free
492,Weekly,2024-06-15,2024-06-22,Churned,Keto
493,Monthly,2024-04-03,2024-05-03,Renewed,Vegetarian
494,Monthly,2023-12-16,2024-01-15,Renewed,Gluten-Free
495,Monthly,2024-02-01,2024-03-02,Renewed,Keto
496,Weekly,2024-07-18,2024-07-25,Renewed,Keto
497,Monthly,2024-08-17,2024-09-16,Renewed,Keto
498,Monthly,2024-10-12,2024-11-11,Renewed,None
499,Monthly,2024-04-11,2024-05-11,Renewed,Vegan
500,Weekly,2024-09-22,2024-09-29,Renewed,Vegan
501,Monthly,2024-08-16,2024-09-15,Renewed,Gluten-Free
502,Weekly,2024-08-18,2024-08-25,Renewed,Gluten-Free
503,Weekly,2024-08-29,2024-09-05,Churned,Gluten-Free
504,Monthly,2024-03-20,2024-04-19,Churned,Vegetarian
505,Weekly,2024-11-11,2024-11-18,Renewed,Vegan
506,Weekly,2024-08-25,2024-09-01,Renewed,Vegan
507,Weekly,2024-01-26,2024-02-02,Churned,Vegetarian
508,Monthly,2024-03-04,2024-04-03,Churned,Gluten-Free
509,Weekly,2024-01-23,2024-01-30,Renewed,Vegetarian
510,Monthly,2023-11-28,2023-12-28,Churned,Vegan
511,Monthly,2024-11-18,2024-12-18,Churned,None
512,Monthly,2024-01-03,2024-02-02,Churned,Vegetarian
513,Monthly,2024-10-19,2024-11-18,Renewed,Vegan
514,Weekly,2024-03-25,2024-04-01,Renewed,None
515,Weekly,2024-06-19,2024-06-26,Churned,Vegetarian
516,Weekly,2023-12-20,2023-12-27,Renewed,Vegetarian
517,Monthly,2024-06-21,2024-07-21,Churned,Gluten-Free
518,Monthly,2024-10-15,2024-11-14,Renewed,Gluten-Free
519,Weekly,2024-03-28,2024-04-04,Renewed,Vegan
520,Weekly,2023-12-27,2024-01-03,Renewed,Gluten-Free
521,Monthly,2024-01-07,2024-02-06,Renewed,Gluten-Free
522,Monthly,2024-11-07,2024-12-07,Renewed,Vegetarian
523,Weekly,2023-12-07,2023-12-14,Renewed,Keto
524,Weekly,2024-03-29,2024-04-05,Churned,None
525,Monthly,2024-02-18,2024-03-19,Churned,Vegetarian
526,Weekly,2024-10-12,2024-10-19,Renewed,Vegan
527,Weekly,2024-04-19,2024-04-26,Renewed,Keto
528,Weekly,2024-07-23,2024-07-30,Churned,Gluten-Free
529,Weekly,2024-09-07,2024-09-14,Renewed,None
530,Monthly,2024-09-15,2024-10-15,Churned,Vegan
531,Weekly,2024-03-25,2024-04-01,Renewed,Keto
532,Weekly,2024-03-04,2024-03-11,Churned,Vegan
533,Monthly,2024-08-20,2024-09-19,Churned,Keto
534,Weekly,2024-06-16,2024-06-23,Renewed,Gluten-Free
535,Weekly,2024-07-10,2024-07-17,Churned,Keto
536,Weekly,2024-07-26,2024-08-02,Churned,Gluten-Free
537,Weekly,2023-12-28,2024-01-04,Churned,Gluten-Free
538,Weekly,2024-06-07,2024-06-14,Churned,Gluten-Free
539,Weekly,2024-11-09,2024-11-16,Renewed,Vegan
540,Weekly,2024-08-02,2024-08-09,Renewed,Keto
541,Weekly,2024-09-30,2024-10-07,Renewed,Keto
542,Weekly,2024-04-24,2024-05-01,Renewed,None
543,Weekly,2024-10-23,2024-10-30,Churned,Vegan
544,Monthly,2024-05-21,2024-06-20,Renewed,Gluten-Free
545,Weekly,2024-11-05,2024-11-12,Churned,Vegetarian
546,Weekly,2024-10-26,2024-11-02,Renewed,Gluten-Free
547,Monthly,2024-04-14,2024-05-14,Churned,Keto
548,Weekly,2024-08-27,2024-09-03,Churned,Keto
549,Monthly,2024-08-26,2024-09-25,Renewed,Vegetarian
550,Weekly,2024-04-29,2024-05-06,Renewed,None
551,Monthly,2023-12-16,2024-01-15,Renewed,Keto
552,Monthly,2023-12-11,2024-01-10,Churned,Gluten-Free
553,Monthly,2024-07-06,2024-08-05,Renewed,Vegan
554,Weekly,2024-03-22,2024-03-29,Renewed,Keto
555,Weekly,2024-04-20,2024-04-27,Churned,Vegetarian
556,Monthly,2024-05-30,2024-06-29,Churned,Keto
557,Monthly,2024-05-23,2024-06-22,Renewed,Vegetarian
558,Monthly,2024-08-07,2024-09-06,Renewed,Vegetarian
559,Monthly,2024-02-16,2024-03-17,Churned,Keto
560,Monthly,2024-07-16,2024-08-15,Churned,Vegetarian
561,Weekly,2024-09-12,2024-09-19,Churned,Keto
562,Weekly,2024-08-30,2024-09-06,Churned,None
563,Monthly,2024-07-11,2024-08-10,Renewed,Gluten-Free
564,Monthly,2024-06-08,2024-07-08,Churned,Vegetarian
565,Monthly,2024-08-27,2024-09-26,Renewed,Vegetarian
566,Weekly,2024-09-28,2024-10-05,Renewed,None
567,Weekly,2024-03-03,2024-03-10,Renewed,Vegetarian
568,Weekly,2024-01-06,2024-01-13,Renewed,None
569,Monthly,2024-10-22,2024-11-21,Churned,Gluten-Free
570,Monthly,2024-05-24,2024-06-23,Renewed,Vegan
571,Monthly,2024-08-27,2024-09-26,Churned,Vegan
572,Weekly,2024-11-16,2024-11-23,Churned,Gluten-Free
573,Monthly,2024-07-20,2024-08-19,Renewed,Gluten-Free
574,Monthly,2024-01-16,2024-02-15,Renewed,Vegan
575,Monthly,2024-01-27,2024-02-26,Churned,Keto
576,Monthly,2024-07-13,2024-08-12,Churned,Gluten-Free
577,Weekly,2023-12-30,2024-01-06,Churned,Gluten-Free
578,Monthly,2024-08-26,2024-09-25,Churned,Keto
579,Monthly,2024-01-09,2024-02-08,Churned,None
580,Weekly,2024-02-09,2024-02-16,Renewed,None
581,Weekly,2024-10-13,2024-10-20,Churned,Gluten-Free
582,Weekly,2024-11-22,2024-11-29,Churned,None
583,Monthly,2024-02-08,2024-03-09,Renewed,Vegetarian
584,Monthly,2024-11-15,2024-12-15,Churned,Gluten-Free
585,Monthly,2024-01-07,2024-02-06,Churned,None
586,Monthly,2024-05-30,2024-06-29,Churned,None
587,Weekly,2024-03-25,2024-04-01,Renewed,Vegan
588,Weekly,2024-03-12,2024-03-19,Renewed,Gluten-Free
589,Monthly,2024-09-14,2024-10-14,Churned,Vegetarian
590,Monthly,2024-10-14,2024-11-13,Churned,Vegan
591,Weekly,2024-03-16,2024-03-23,Churned,Vegan
592,Weekly,2024-06-09,2024-06-16,Renewed,Vegetarian
593,Weekly,2024-02-04,2024-02-11,Churned,None
594,Weekly,2024-02-22,2024-02-29,Churned,Vegetarian
595,Monthly,2024-10-25,2024-11-24,Churned,Vegetarian
596,Monthly,2024-07-21,2024-08-20,Churned,Keto
597,Monthly,2024-09-27,2024-10-27,Churned,Gluten-Free
598,Weekly,2024-03-19,2024-03-26,Churned,None
599,Weekly,2024-09-04,2024-09-11,Churned,Vegetarian
600,Monthly,2024-04-22,2024-05-22,Renewed,Vegan
601,Weekly,2024-07-29,2024-08-05,Renewed,None
602,Weekly,2024-03-07,2024-03-14,Churned,Vegan
603,Monthly,2024-11-20,2024-12-20,Churned,Gluten-Free
604,Weekly,2024-06-27,2024-07-04,Churned,Vegetarian
605,Monthly,2024-10-17,2024-11-16,Renewed,Keto
606,Weekly,2024-10-12,2024-10-19,Churned,Vegan
607,Monthly,2024-05-08,2024-06-07,Renewed,None
608,Weekly,2024-07-12,2024-07-19,Churned,Gluten-Free
609,Monthly,2024-10-04,2024-11-03,Churned,Vegetarian
610,Monthly,2024-09-22,2024-10-22,Renewed,Gluten-Free
611,Weekly,2024-06-10,2024-06-17,Churned,Gluten-Free
612,Weekly,2023-12-18,2023-12-25,Churned,Vegetarian
613,Weekly,2024-07-24,2024-07-31,Churned,Gluten-Free
614,Monthly,2024-04-25,2024-05-25,Renewed,Vegan
615,Monthly,2024-06-07,2024-07-07,Renewed,Keto
616,Monthly,2024-08-02,2024-09-01,Renewed,Gluten-Free
617,Weekly,2023-12-04,2023-12-11,Renewed,Vegetarian
618,Monthly,2024-07-12,2024-08-11,Churned,None
619,Weekly,2024-05-05,2024-05-12,Churned,Vegetarian
620,Weekly,2024-01-11,2024-01-18,Renewed,Keto
621,Weekly,2024-09-09,2024-09-16,Churned,Keto
622,Weekly,2024-06-10,2024-06-17,Renewed,None
623,Monthly,2023-12-22,2024-01-21,Renewed,Vegan
624,Weekly,2024-11-05,2024-11-12,Churned,Vegetarian
625,Weekly,2024-11-18,2024-11-25,Renewed,Vegan
626,Weekly,2024-03-11,2024-03-18,Churned,Gluten-Free
627,Weekly,2024-04-09,2024-04-16,Renewed,Keto
628,Monthly,2024-03-16,2024-04-15,Churned,Vegetarian
629,Monthly,2024-07-07,2024-08-06,Renewed,None
630,Monthly,2024-09-03,2024-10-03,Churned,None
631,Weekly,2024-07-27,2024-08-03,Churned,None
632,Monthly,2024-09-01,2024-10-01,Churned,None
633,Monthly,2023-12-09,2024-01-08,Renewed,Keto
634,Weekly,2023-12-22,2023-12-29,Churned,Vegan
635,Weekly,2023-12-28,2024-01-04,Renewed,Gluten-Free
636,Monthly,2023-12-29,2024-01-28,Renewed,Vegan
637,Monthly,2024-02-29,2024-03-30,Churned,Vegan
638,Monthly,2024-03-29,2024-04-28,Renewed,Gluten-Free
639,Weekly,2024-10-16,2024-10-23,Renewed,None
640,Monthly,2024-11-17,2024-12-17,Renewed,Keto
641,Weekly,2024-10-27,2024-11-03,Renewed,Vegan
642,Monthly,2024-02-16,2024-03-17,Renewed,Gluten-Free
643,Monthly,2024-02-17,2024-03-18,Churned,None
644,Weekly,2024-08-21,2024-08-28,Renewed,Gluten-Free
645,Monthly,2024-05-12,2024-06-11,Churned,None
646,Weekly,2024-09-22,2024-09-29,Churned,Vegetarian
647,Weekly,2024-05-02,2024-05-09,Renewed,Vegetarian
648,Weekly,2024-08-05,2024-08-12,Churned,None
649,Monthly,2024-06-27,2024-07-27,Churned,Gluten-Free
650,Monthly,2024-02-23,2024-03-24,Renewed,Gluten-Free
651,Monthly,2024-01-07,2024-02-06,Renewed,Gluten-Free
652,Weekly,2024-02-14,2024-02-21,Renewed,Keto
653,Monthly,2024-01-10,2024-02-09,Churned,Vegan
654,Monthly,2024-10-29,2024-11-28,Renewed,Keto
655,Monthly,2024-02-18,2024-03-19,Renewed,Vegan
656,Weekly,2024-02-07,2024-02-14,Renewed,Vegan
657,Weekly,2024-04-16,2024-04-23,Renewed,Keto
658,Weekly,2024-10-29,2024-11-05,Churned,Vegetarian
659,Monthly,2024-02-03,2024-03-04,Churned,None
660,Weekly,2024-06-13,2024-06-20,Renewed,None
661,Monthly,2023-12-04,2024-01-03,Churned,Vegan
662,Weekly,2024-05-07,2024-05-14,Renewed,Gluten-Free
663,Weekly,2024-01-30,2024-02-06,Renewed,Keto
664,Monthly,2024-08-18,2024-09-17,Renewed,Gluten-Free
665,Monthly,2024-09-11,2024-10-11,Churned,Vegetarian
666,Weekly,2024-05-30,2024-06-06,Renewed,Vegan
667,Monthly,2024-07-25,2024-08-24,Churned,Vegetarian
668,Monthly,2024-09-09,2024-10-09,Renewed,Vegan
669,Weekly,2024-01-19,2024-01-26,Churned,Keto
670,Weekly,2024-05-07,2024-05-14,Churned,Keto
671,Monthly,2024-09-15,2024-10-15,Churned,Vegan
672,Weekly,2024-06-27,2024-07-04,Renewed,Vegan
673,Monthly,2024-07-12,2024-08-11,Renewed,Gluten-Free
674,Monthly,2024-04-25,2024-05-25,Renewed,Keto
675,Weekly,2024-10-13,2024-10-20,Churned,None
676,Weekly,2023-12-10,2023-12-17,Renewed,Vegan
677,Monthly,2023-11-30,2023-12-30,Renewed,Vegetarian
678,Monthly,2024-06-03,2024-07-03,Renewed,None
679,Monthly,2024-01-28,2024-02-27,Churned,Vegetarian
680,Weekly,2024-07-10,2024-07-17,Churned,None
681,Monthly,2024-06-29,2024-07-29,Renewed,Keto
682,Weekly,2024-09-29,2024-10-06,Churned,Vegetarian
683,Monthly,2024-03-14,2024-04-13,Renewed,Vegan
684,Monthly,2024-01-10,2024-02-09,Churned,Vegetarian
685,Monthly,2024-08-10,2024-09-09,Renewed,Gluten-Free
686,Weekly,2024-10-27,2024-11-03,Churned,Gluten-Free
687,Monthly,2023-11-30,2023-12-30,Renewed,Gluten-Free
688,Weekly,2024-02-04,2024-02-11,Renewed,Vegan
689,Monthly,2023-12-21,2024-01-20,Churned,Keto
690,Weekly,2024-09-20,2024-09-27,Churned,Vegetarian
691,Monthly,2024-06-01,2024-07-01,Churned,Keto
692,Weekly,2024-04-15,2024-04-22,Churned,Gluten-Free
693,Weekly,2024-03-29,2024-04-05,Churned,Keto
694,Weekly,2024-11-11,2024-11-18,Renewed,Vegan
695,Weekly,2024-03-17,2024-03-24,Renewed,None
696,Weekly,2024-03-09,2024-03-16,Renewed,None
697,Weekly,2024-09-02,2024-09-09,Renewed,Vegan
698,Monthly,2024-10-16,2024-11-15,Churned,Keto
699,Monthly,2023-12-19,2024-01-18,Churned,Gluten-Free
700,Monthly,2024-08-05,2024-09-04,Renewed,Vegetarian
701,Monthly,2024-01-29,2024-02-28,Renewed,Vegetarian
702,Weekly,2024-04-07,2024-04-14,Renewed,Keto
703,Weekly,2024-10-07,2024-10-14,Renewed,Vegetarian
704,Weekly,2024-01-25,2024-02-01,Renewed,Vegan
705,Weekly,2024-07-06,2024-07-13,Renewed,Vegan
706,Weekly,2024-01-01,2024-01-08,Renewed,Vegetarian
707,Weekly,2024-05-08,2024-05-15,Churned,Keto
708,Weekly,2024-04-07,2024-04-14,Renewed,Gluten-Free
709,Weekly,2024-03-25,2024-04-01,Renewed,Gluten-Free
710,Monthly,2024-07-12,2024-08-11,Churned,Gluten-Free
711,Monthly,2024-05-22,2024-06-21,Churned,None
712,Monthly,2024-05-30,2024-06-29,Renewed,Gluten-Free
713,Monthly,2024-07-29,2024-08-28,Renewed,Vegetarian
714,Weekly,2023-12-29,2024-01-05,Renewed,Vegan
715,Monthly,2024-04-05,2024-05-05,Churned,Keto
716,Monthly,2024-04-24,2024-05-24,Renewed,Gluten-Free
717,Weekly,2024-07-27,2024-08-03,Churned,Vegetarian
718,Weekly,2024-09-01,2024-09-08,Renewed,Gluten-Free
719,Weekly,2024-01-24,2024-01-31,Renewed,Vegan
720,Weekly,2024-06-29,2024-07-06,Renewed,Vegetarian
721,Monthly,2024-11-03,2024-12-03,Churned,Keto
722,Weekly,2023-12-02,2023-12-09,Churned,Keto
723,Monthly,2024-05-09,2024-06-08,Renewed,Vegan
724,Weekly,2024-09-18,2024-09-25,Renewed,Vegan
725,Monthly,2024-08-23,2024-09-22,Renewed,None
726,Monthly,2024-05-02,2024-06-01,Churned,Vegan
727,Weekly,2024-03-19,2024-03-26,Renewed,Keto
728,Monthly,2023-12-04,2024-01-03,Renewed,Gluten-Free
729,Monthly,2023-12-04,2024-01-03,Renewed,Gluten-Free
730,Weekly,2024-08-26,2024-09-02,Churned,Vegan
731,Weekly,2024-08-02,2024-08-09,Renewed,Gluten-Free
732,Monthly,2024-10-24,2024-11-23,Churned,None
733,Monthly,2024-07-10,2024-08-09,Renewed,Vegetarian
734,Monthly,2024-04-30,2024-05-30,Churned,Keto
735,Monthly,2024-06-05,2024-07-05,Renewed,Vegan
736,Monthly,2024-03-10,2024-04-09,Renewed,Vegan
737,Monthly,2024-05-14,2024-06-13,Renewed,Gluten-Free
738,Monthly,2024-01-11,2024-02-10,Churned,Vegan
739,Monthly,2024-09-06,2024-10-06,Renewed,None
740,Monthly,2024-06-02,2024-07-02,Churned,Vegetarian
741,Monthly,2024-11-15,2024-12-15,Renewed,Gluten-Free
742,Monthly,2024-04-09,2024-05-09,Churned,Vegetarian
743,Monthly,2024-09-01,2024-10-01,Churned,Keto
744,Monthly,2024-08-30,2024-09-29,Renewed,Vegetarian
745,Weekly,2024-09-11,2024-09-18,Renewed,Vegan
746,Weekly,2024-02-20,2024-02-27,Churned,Vegan
747,Monthly,2024-05-23,2024-06-22,Renewed,Gluten-Free
748,Weekly,2024-06-05,2024-06-12,Renewed,Keto
749,Weekly,2024-01-01,2024-01-08,Churned,Vegan
750,Weekly,2024-06-08,2024-06-15,Renewed,Gluten-Free
751,Monthly,2023-12-31,2024-01-30,Churned,Gluten-Free
752,Monthly,2024-05-10,2024-06-09,Renewed,Gluten-Free
753,Weekly,2024-05-30,2024-06-06,Churned,Vegan
754,Monthly,2024-04-19,2024-05-19,Churned,Gluten-Free
755,Monthly,2024-11-03,2024-12-03,Churned,Vegan
756,Monthly,2024-05-15,2024-06-14,Renewed,Vegan
757,Weekly,2024-08-30,2024-09-06,Churned,None
758,Weekly,2024-11-16,2024-11-23,Churned,Gluten-Free
759,Monthly,2024-03-24,2024-04-23,Renewed,Gluten-Free
760,Monthly,2024-10-02,2024-11-01,Renewed,Vegan
761,Weekly,2024-04-20,2024-04-27,Churned,Vegan
762,Monthly,2024-08-06,2024-09-05,Renewed,Vegetarian
763,Weekly,2024-05-25,2024-06-01,Churned,Vegetarian
764,Monthly,2024-02-12,2024-03-13,Renewed,Vegan
765,Weekly,2024-07-19,2024-07-26,Churned,Keto
766,Weekly,2024-08-02,2024-08-09,Churned,Gluten-Free
767,Monthly,2024-07-12,2024-08-11,Renewed,Keto
768,Weekly,2024-08-22,2024-08-29,Churned,Vegan
769,Monthly,2024-11-12,2024-12-12,Churned,Vegetarian
770,Monthly,2024-10-31,2024-11-30,Churned,None
771,Weekly,2024-03-12,2024-03-19,Renewed,Vegetarian
772,Monthly,2024-06-12,2024-07-12,Renewed,Keto
773,Weekly,2024-05-07,2024-05-14,Renewed,None
774,Weekly,2024-04-11,2024-04-18,Churned,Vegan
775,Weekly,2023-12-09,2023-12-16,Renewed,Vegan
776,Weekly,2024-11-03,2024-11-10,Renewed,Vegetarian
777,Monthly,2024-02-04,2024-03-05,Renewed,Vegetarian
778,Monthly,2024-05-20,2024-06-19,Renewed,None
779,Weekly,2024-03-23,2024-03-30,Renewed,Keto
780,Weekly,2024-01-02,2024-01-09,Renewed,Vegetarian
781,Monthly,2024-02-24,2024-03-25,Churned,Vegetarian
782,Weekly,2024-10-27,2024-11-03,Churned,Vegetarian
783,Weekly,2024-02-10,2024-02-17,Renewed,Gluten-Free
784,Weekly,2024-01-22,2024-01-29,Renewed,Vegetarian
785,Monthly,2024-11-20,2024-12-20,Renewed,Vegan
786,Weekly,2024-11-06,2024-11-13,Renewed,None
787,Weekly,2023-12-24,2023-12-31,Renewed,Vegetarian
788,Weekly,2024-04-05,2024-04-12,Renewed,Keto
789,Weekly,2023-12-30,2024-01-06,Renewed,Keto
790,Weekly,2024-11-16,2024-11-23,Renewed,Vegetarian
791,Monthly,2024-01-08,2024-02-07,Churned,Keto
792,Weekly,2024-01-31,2024-02-07,Churned,Vegan
793,Monthly,2024-07-31,2024-08-30,Renewed,Vegan
794,Monthly,2024-09-12,2024-10-12,Renewed,None
795,Weekly,2024-09-22,2024-09-29,Churned,Keto
796,Weekly,2024-05-02,2024-05-09,Renewed,Keto
797,Weekly,2024-02-08,2024-02-15,Churned,Vegetarian
798,Weekly,2024-10-04,2024-10-11,Churned,Vegetarian
799,Weekly,2024-06-29,2024-07-06,Renewed,None
800,Monthly,2024-03-11,2024-04-10,Churned,Vegan
801,Monthly,2024-03-31,2024-04-30,Churned,Vegan
802,Monthly,2024-02-15,2024-03-16,Churned,Vegan
803,Weekly,2024-04-27,2024-05-04,Churned,Keto
804,Monthly,2024-01-01,2024-01-31,Churned,Keto
805,Monthly,2024-02-23,2024-03-24,Renewed,Gluten-Free
806,Monthly,2024-08-22,2024-09-21,Renewed,Vegan
807,Weekly,2024-03-22,2024-03-29,Renewed,Vegetarian
808,Weekly,2023-12-07,2023-12-14,Renewed,Vegetarian
809,Weekly,2024-04-30,2024-05-07,Churned,Vegetarian
810,Monthly,2024-02-27,2024-03-28,Renewed,Keto
811,Weekly,2024-01-21,2024-01-28,Renewed,Keto
812,Weekly,2024-09-10,2024-09-17,Renewed,Vegetarian
813,Monthly,2023-12-14,2024-01-13,Churned,Vegetarian
814,Weekly,2024-10-03,2024-10-10,Renewed,Vegetarian
815,Monthly,2024-02-12,2024-03-13,Renewed,None
816,Weekly,2024-09-15,2024-09-22,Churned,Gluten-Free
817,Monthly,2024-04-05,2024-05-05,Churned,Vegetarian
818,Monthly,2024-03-04,2024-04-03,Churned,None
819,Weekly,2024-08-08,2024-08-15,Churned,Vegetarian
820,Weekly,2024-03-31,2024-04-07,Renewed,Vegetarian
821,Weekly,2024-02-04,2024-02-11,Renewed,Vegan
822,Monthly,2024-05-01,2024-05-31,Churned,Vegan
823,Monthly,2024-03-13,2024-04-12,Renewed,Keto
824,Weekly,2024-02-25,2024-03-03,Churned,None
825,Weekly,2023-12-15,2023-12-22,Renewed,Vegetarian
826,Monthly,2024-09-15,2024-10-15,Churned,Vegan
827,Weekly,2024-01-21,2024-01-28,Churned,Vegan
828,Weekly,2024-07-24,2024-07-31,Churned,Vegan
829,Monthly,2024-08-14,2024-09-13,Churned,None
830,Monthly,2024-05-18,2024-06-17,Churned,Vegetarian
831,Weekly,2024-11-13,2024-11-20,Churned,Vegetarian
832,Weekly,2024-10-25,2024-11-01,Renewed,Keto
833,Weekly,2024-05-01,2024-05-08,Renewed,Keto
834,Weekly,2024-02-01,2024-02-08,Renewed,Vegetarian
835,Weekly,2024-07-15,2024-07-22,Churned,Gluten-Free
836,Weekly,2024-06-17,2024-06-24,Churned,Gluten-Free
837,Monthly,2024-08-01,2024-08-31,Churned,None
838,Monthly,2024-03-23,2024-04-22,Churned,None
839,Weekly,2024-07-15,2024-07-22,Renewed,Vegan
840,Weekly,2024-01-27,2024-02-03,Renewed,Vegan
841,Monthly,2024-01-29,2024-02-28,Renewed,Gluten-Free
842,Monthly,2024-04-26,2024-05-26,Churned,Keto
843,Monthly,2024-02-17,2024-03-18,Renewed,Vegan
844,Weekly,2023-12-06,2023-12-13,Renewed,Vegetarian
845,Weekly,2023-12-11,2023-12-18,Renewed,Vegan
846,Monthly,2024-07-19,2024-08-18,Churned,Vegan
847,Monthly,2024-01-08,2024-02-07,Renewed,None
848,Monthly,2024-10-24,2024-11-23,Churned,Vegetarian
849,Monthly,2024-04-16,2024-05-16,Churned,Gluten-Free
850,Weekly,2023-12-06,2023-12-13,Renewed,Vegan
851,Weekly,2024-06-27,2024-07-04,Renewed,Gluten-Free
852,Weekly,2024-02-16,2024-02-23,Churned,Vegetarian
853,Weekly,2024-04-18,2024-04-25,Renewed,None
854,Weekly,2024-06-08,2024-06-15,Renewed,Vegetarian
855,Monthly,2023-12-07,2024-01-06,Churned,None
856,Weekly,2024-11-12,2024-11-19,Churned,Gluten-Free
857,Weekly,2024-10-17,2024-10-24,Renewed,Gluten-Free
858,Monthly,2024-09-02,2024-10-02,Churned,Gluten-Free
859,Weekly,2024-03-06,2024-03-13,Renewed,None
860,Weekly,2024-04-13,2024-04-20,Churned,None
861,Weekly,2024-05-30,2024-06-06,Renewed,None
862,Weekly,2024-05-25,2024-06-01,Renewed,Gluten-Free
863,Monthly,2024-09-29,2024-10-29,Churned,Keto
864,Monthly,2024-06-13,2024-07-13,Churned,None
865,Monthly,2024-04-06,2024-05-06,Churned,Gluten-Free
866,Weekly,2024-04-22,2024-04-29,Churned,Vegetarian
867,Weekly,2024-04-23,2024-04-30,Churned,None
868,Monthly,2024-09-16,2024-10-16,Renewed,Gluten-Free
869,Weekly,2024-09-23,2024-09-30,Churned,None
870,Monthly,2024-06-14,2024-07-14,Churned,Keto
871,Monthly,2024-01-21,2024-02-20,Renewed,Vegan
872,Monthly,2024-10-29,2024-11-28,Renewed,Keto
873,Monthly,2024-04-25,2024-05-25,Renewed,None
874,Monthly,2024-02-18,2024-03-19,Churned,Keto
875,Weekly,2024-07-05,2024-07-12,Renewed,Vegan
876,Weekly,2024-02-05,2024-02-12,Churned,Vegetarian
877,Monthly,2024-09-06,2024-10-06,Churned,Vegetarian
878,Weekly,2024-10-30,2024-11-06,Renewed,Vegetarian
879,Monthly,2024-10-12,2024-11-11,Renewed,None
880,Weekly,2024-06-12,2024-06-19,Renewed,Gluten-Free
881,Weekly,2024-08-12,2024-08-19,Renewed,Vegan
882,Weekly,2024-08-18,2024-08-25,Renewed,None
883,Monthly,2024-06-19,2024-07-19,Churned,Vegan
884,Monthly,2024-01-28,2024-02-27,Renewed,Vegetarian
885,Monthly,2024-01-07,2024-02-06,Churned,Gluten-Free
886,Monthly,2024-08-09,2024-09-08,Churned,Gluten-Free
887,Weekly,2024-09-06,2024-09-13,Churned,Keto
888,Weekly,2024-02-12,2024-02-19,Churned,Gluten-Free
889,Weekly,2024-06-01,2024-06-08,Renewed,Vegan
890,Monthly,2023-11-23,2023-12-23,Churned,Vegan
891,Weekly,2024-07-22,2024-07-29,Renewed,None
892,Weekly,2024-11-08,2024-11-15,Churned,Keto
893,Monthly,2024-01-30,2024-02-29,Churned,Keto
894,Weekly,2024-08-14,2024-08-21,Renewed,Vegan
895,Weekly,2024-07-08,2024-07-15,Churned,Keto
896,Weekly,2024-05-01,2024-05-08,Renewed,Vegan
897,Weekly,2024-09-02,2024-09-09,Renewed,None
898,Weekly,2024-01-12,2024-01-19,Renewed,Vegetarian
899,Weekly,2024-02-07,2024-02-14,Churned,Gluten-Free
900,Monthly,2023-11-26,2023-12-26,Renewed,Vegetarian
901,Weekly,2024-09-03,2024-09-10,Churned,Gluten-Free
902,Weekly,2023-12-08,2023-12-15,Renewed,Vegetarian
903,Weekly,2024-10-01,2024-10-08,Churned,Vegan
904,Monthly,2024-07-23,2024-08-22,Churned,None
905,Monthly,2023-11-28,2023-12-28,Churned,None
906,Weekly,2024-08-09,2024-08-16,Renewed,Vegan
907,Weekly,2024-11-07,2024-11-14,Churned,None
908,Weekly,2024-11-08,2024-11-15,Churned,Vegetarian
909,Weekly,2024-07-31,2024-08-07,Churned,None
910,Weekly,2024-04-24,2024-05-01,Renewed,Vegan
911,Monthly,2024-06-11,2024-07-11,Churned,Vegetarian
912,Monthly,2024-09-14,2024-10-14,Renewed,None
913,Weekly,2024-02-03,2024-02-10,Churned,Vegetarian
914,Weekly,2024-07-02,2024-07-09,Renewed,Keto
915,Weekly,2024-06-19,2024-06-26,Churned,Gluten-Free
916,Weekly,2024-01-21,2024-01-28,Churned,Vegan
917,Monthly,2024-10-29,2024-11-28,Renewed,Vegetarian
918,Weekly,2024-11-21,2024-11-28,Renewed,Vegetarian
919,Monthly,2024-04-27,2024-05-27,Renewed,Gluten-Free
920,Weekly,2024-04-28,2024-05-05,Renewed,None
921,Weekly,2024-08-23,2024-08-30,Churned,Gluten-Free
922,Weekly,2024-08-09,2024-08-16,Churned,Gluten-Free
923,Monthly,2024-04-09,2024-05-09,Renewed,Vegetarian
924,Monthly,2024-01-14,2024-02-13,Churned,Keto
925,Weekly,2024-07-31,2024-08-07,Renewed,Vegetarian
926,Monthly,2024-07-16,2024-08-15,Renewed,Vegetarian
927,Monthly,2024-05-26,2024-06-25,Churned,Vegetarian
928,Weekly,2024-10-20,2024-10-27,Renewed,None
929,Monthly,2024-01-16,2024-02-15,Churned,Keto
930,Monthly,2024-11-01,2024-12-01,Churned,None
931,Monthly,2023-12-23,2024-01-22,Churned,Vegan
932,Weekly,2024-07-13,2024-07-20,Renewed,Vegan
933,Weekly,2024-09-05,2024-09-12,Renewed,None
934,Monthly,2023-12-16,2024-01-15,Churned,None
935,Weekly,2024-05-13,2024-05-20,Renewed,Keto
936,Weekly,2024-09-01,2024-09-08,Churned,Keto
937,Weekly,2024-07-04,2024-07-11,Renewed,Keto
938,Weekly,2023-11-25,2023-12-02,Renewed,Vegan
939,Monthly,2024-05-07,2024-06-06,Churned,Keto
940,Weekly,2024-03-07,2024-03-14,Renewed,Vegan
941,Monthly,2024-02-14,2024-03-15,Churned,None
942,Weekly,2024-04-20,2024-04-27,Renewed,Gluten-Free
943,Weekly,2024-02-03,2024-02-10,Renewed,Keto
944,Monthly,2024-05-30,2024-06-29,Churned,Vegan
945,Weekly,2024-07-22,2024-07-29,Renewed,Vegan
946,Weekly,2024-03-20,2024-03-27,Renewed,None
947,Weekly,2024-07-26,2024-08-02,Churned,Vegan
948,Monthly,2024-04-10,2024-05-10,Churned,Keto
949,Weekly,2024-04-23,2024-04-30,Renewed,None
950,Monthly,2023-12-22,2024-01-21,Churned,None
951,Weekly,2024-03-10,2024-03-17,Renewed,Vegetarian
952,Weekly,2023-12-29,2024-01-05,Renewed,Gluten-Free
953,Weekly,2024-08-15,2024-08-22,Churned,None
954,Weekly,2024-04-06,2024-04-13,Churned,None
955,Monthly,2024-09-08,2024-10-08,Renewed,Gluten-Free
956,Monthly,2024-06-08,2024-07-08,Renewed,Vegan
957,Monthly,2024-04-07,2024-05-07,Churned,Gluten-Free
958,Monthly,2024-07-26,2024-08-25,Renewed,Vegetarian
959,Weekly,2024-02-11,2024-02-18,Renewed,None
960,Monthly,2024-01-30,2024-02-29,Renewed,None
961,Monthly,2024-08-23,2024-09-22,Churned,Vegetarian
962,Monthly,2024-02-09,2024-03-10,Churned,Vegan
963,Monthly,2024-11-05,2024-12-05,Renewed,None
964,Monthly,2024-04-18,2024-05-18,Renewed,None
965,Monthly,2024-02-19,2024-03-20,Churned,Gluten-Free
966,Monthly,2024-03-21,2024-04-20,Renewed,Gluten-Free
967,Monthly,2024-03-07,2024-04-06,Renewed,Vegetarian
968,Weekly,2024-01-05,2024-01-12,Churned,None
969,Weekly,2024-01-23,2024-01-30,Renewed,Gluten-Free
970,Weekly,2024-08-08,2024-08-15,Churned,Keto
971,Monthly,2024-09-21,2024-10-21,Churned,Keto
972,Weekly,2024-07-29,2024-08-05,Churned,Gluten-Free
973,Weekly,2024-03-08,2024-03-15,Churned,None
974,Weekly,2024-03-24,2024-03-31,Renewed,Vegan
975,Monthly,2024-05-27,2024-06-26,Churned,Keto
976,Weekly,2023-12-15,2023-12-22,Churned,Gluten-Free
977,Monthly,2024-09-06,2024-10-06,Renewed,Vegetarian
978,Weekly,2024-05-29,2024-06-05,Renewed,None
979,Monthly,2023-12-05,2024-01-04,Churned,Vegetarian
980,Monthly,2024-09-24,2024-10-24,Renewed,Vegan
981,Weekly,2024-06-22,2024-06-29,Churned,Vegan
982,Monthly,2024-04-16,2024-05-16,Renewed,Vegetarian
983,Monthly,2024-08-09,2024-09-08,Renewed,Gluten-Free
984,Monthly,2024-08-10,2024-09-09,Churned,Keto
985,Weekly,2024-08-25,2024-09-01,Churned,Vegan
986,Weekly,2024-03-18,2024-03-25,Churned,Vegetarian
987,Weekly,2024-09-25,2024-10-02,Churned,Gluten-Free
988,Weekly,2024-05-23,2024-05-30,Renewed,Gluten-Free
989,Monthly,2024-10-22,2024-11-21,Renewed,None
990,Weekly,2024-03-18,2024-03-25,Churned,Vegan
991,Monthly,2024-09-29,2024-10-29,Churned,Keto
992,Weekly,2023-12-07,2023-12-14,Renewed,Gluten-Free
993,Monthly,2024-11-11,2024-12-11,Churned,None
994,Monthly,2024-01-31,2024-03-01,Churned,None
995,Monthly,2024-02-25,2024-03-26,Churned,Keto
996,Weekly,2024-05-01,2024-05-08,Churned,None
997,Weekly,2024-08-11,2024-08-18,Churned,Vegetarian
998,Weekly,2024-07-11,2024-07-18,Churned,Vegetarian
999,Weekly,2024-07-05,2024-07-12,Churned,Vegetarian
1000,Monthly,2024-09-22,2024-10-22,Churned,Vegetarian
